<?xml version="1.0" encoding="UTF-8"?>
<achievements>

	<achievementPattern logPattern="(.+) has created a masterpiece!">
		<achievement title="Craftsdwarf" description="Create a Masterpiece item." triggerAmount="1" image="masterpiece.png" />
		<achievement title="Fond of Industry" description="Create 10 Masterpiece items." triggerAmount="10" image="masterpiece.png" />
		<achievement title="Legendary Craftsmen" description="Create 100 Masterpiece items." triggerAmount="100" image="masterpiece.png" />
		<achievement title="Your deeds are legend" description="Create 1000 Masterpiece items." triggerAmount="1000" image="masterpiece.png" />
    <achievement title="Industrial Revolution" description="Create 10000 Masterpiece items." triggerAmount="10000" image="masterpiece.png" />
	</achievementPattern>
	
	<achievementPattern logPattern="(.+) has given birth to ((a kitten)|(kittens))\.">
		<achievement title="Nice little kitten" description="Have cat give birth." triggerAmount="1" image="cats.png" />
		<achievement title="Free kitten giveaway!" description="Have cats give 2 births." triggerAmount="2" image="cats.png" />
		<achievement title="We might have a cat problem..." description="Have cats give 4 births." triggerAmount="4" image="cats.png" />
		<achievement title="Catsplosion!" description="Have cats give 8 births." triggerAmount="8" image="cats.png" />
		<achievement title="Thermonuclear Catsplosion!" description="Have cats give 16 births." triggerAmount="16" image="cats.png" />
		<achievement title="Meow?" description="Have cats give 32 births." triggerAmount="32" image="cats.png" />
		<achievement title="Meow!" description="Have cats give 64 births." triggerAmount="64" image="cats.png" />
		<achievement title="Cat ownership pounishable by death" description="Have cats give 128 births." triggerAmount="128" image="cats.png" />
	</achievementPattern>
	
	<achievementPattern logPattern="The Stray Kitten \(Tame\) has been slaughtered\.">
		<achievement title="Dwarven rite of passage" description="&quot;Dispose&quot; of your first kitten." triggerAmount="1" image="cats.png" />
		<achievement title="No catsplosion on my watch!" description="Butcher 10 live kittens." triggerAmount="10" image="cats.png" />
		<achievement title="Critical cat mass prevention" description="Butcher 100 live kittens." triggerAmount="100" image="cats.png" />
		<achievement title="Cat powered industry" description="Butcher 1000 live kittens." triggerAmount="1000" image="cats.png" />
	</achievementPattern>
	
	<achievementPattern logPattern="You have struck (.+)!">
		<achievement title="Strike the earth!" description="Discover a mineral deposit." triggerAmount="1" image="ore.png" />
		<achievement title="Dig Deeper!" description="Discover 10 mineral deposits." triggerAmount="10" image="ore.png" />
		<achievement title="Underground diversity" description="Discover 100 mineral deposits." triggerAmount="100" image="ore.png" />
		<achievement title="Maybe we should go outsite for a bit..." description="Discover 1000 mineral deposits." triggerAmount="1000" image="ore.png" />
	</achievementPattern>
	
	<achievementPattern logPattern="The (.+) has organized a party at (.+)\.">
		<achievement title="Party time! Excellent!" description="Let dwarves organize party." triggerAmount="1" image="dwarf.png" />
	</achievementPattern>
	
  <achievementPattern logPattern="(.+) in the head with (.+) and the severed part sails off in an arc!">
    <achievement title="Roll, roll on the ground!" description="Witness beheading." triggerAmount="1" />
    <achievement title="Habbitual beheader." description="Witness 10 beheadings." triggerAmount="10" />
    <achievement title="It's raining heads." description="Witness 100 beheadings." triggerAmount="100" />
    <achievement title="Headless." description="Witness 1000 beheadings." triggerAmount="1000" />
  </achievementPattern>
  
  <achievementPattern logPattern="(.+) has been found dead(.+)\.">
    <achievement title="Look what I found!" description="Find dead body." triggerAmount="1" />
    <achievement title="Can I keep them?" description="Find 10 dead bodies." triggerAmount="10" />
    <achievement title="Where should we keep them?" description="Find 100 dead bodies." triggerAmount="100" />
    <achievement title="Lost &amp; Found" description="Find 1000 dead bodies." triggerAmount="1000" />
  </achievementPattern>
  
  <achievementPattern logPattern="(.+) has come!  ((A)|(An)) (.+)">
    <achievement title="Unwanted visitor" description="Have megabeast enter map." triggerAmount="1" />
    <achievement title="Unwanted visitors" description="Have 10 megabeasts enter map." triggerAmount="10" />
  </achievementPattern>
  
  <achievementPattern logPattern="You have discovered (.+)">
    <achievement title="Explorer" description="Discover map feature." triggerAmount="1" />
    <achievement title="Seeker" description="Discover 10 map features." triggerAmount="10" />
  </achievementPattern>
  
  <achievementPattern logPattern="(.+) has created (.+), a (.+)!">
    <achievement title="Noteworthy" description="Craft Artifact." triggerAmount="1" />
    <achievement title="Artifactory" description="Craft 100 artifacts." triggerAmount="100" />
  </achievementPattern>
  
  <achievementPattern logPattern="(.+) has been completed\.">
    <achievement title="Boss" description="Make 5 worshop orders." triggerAmount="5" />
    <achievement title="Micromanging" description="Make 25 worshop orders." triggerAmount="25" />
    <achievement title="Pointy Haired" description="Make 125 worshop orders." triggerAmount="125" />
    <achievement title="Centralized Economy" description="Make 625 worshop orders." triggerAmount="625" />
  </achievementPattern>
  
  <achievementPattern logPattern="The flying (.+)bolt(.+) strikes The Goblin (.+) tearing the heart(.+)">
    <achievement title="Heartseeker" description="Pierce 5 goblin hearts with crossbow bolt." triggerAmount="5" />
    <achievement title="Cupid" description="Pierce 50 goblin hearts with crossbow bolt." triggerAmount="50" />
    <achievement title="Winning hearts and minds" description="Pierce 500 goblin hearts with crossbow bolt." triggerAmount="500" />
  </achievementPattern>
  
  <achievementPattern logPattern="(.+) starved(.+)">
    <achievement title="Aren't you forgetting something?" description="Dwarfs dying of hunger..." triggerAmount="50" />
  </achievementPattern>
	
</achievements>
